epoch,eval_loss,epoch_time_ms
1,0.143759,261324.297
2,0.091774,265977.312
3,0.073255,267848.781
4,0.066615,264774.531
5,0.064210,263769.688
6,0.063325,263511.281
7,0.062990,262902.438
8,0.062859,262393.906
9,0.062805,262717.875
10,0.062782,262446.625
11,0.062771,261853.875
12,0.062765,261940.781
13,0.062762,262218.062
14,0.062761,261781.047
15,0.062760,262806.344
16,0.062759,261751.016
17,0.062759,261784.266
18,0.062759,261796.547
19,0.062759,261738.078
20,0.062759,261734.453
