epoch,eval_loss,epoch_time_ms
1,0.051086,283677.219
2,0.044955,299163.562
3,0.039388,306075.125
4,0.034094,300703.938
5,0.029134,332427.375
6,0.025066,331017.906
7,0.022274,332584.594
8,0.020512,343051.719
9,0.019357,319274.031
